SNP,CHR,BP,P,OR,Case,Control
rs13167635,5,129469043,1.882e-05,0.04585,Typical AD,Control
rs6598500,15,102381360,2.168e-05,32.01,Typical AD,Control
rs10783180,5,149216987,2.73e-05,18.01,Typical AD,Control
rs4435670,3,171880571,2.802e-05,16.97,Typical AD,Control
rs10508403,10,10408075,2.973e-05,15.94,Typical AD,Control
rs1238056,8,4275392,3.026e-05,16.72,Typical AD,Control
rs13167635,5,129469043,3.034e-05,41.53,Typical AD,Control
rs11099958,4,155451527,3.075e-05,21.0,Typical AD,Control
rs11989868,8,14550156,3.206e-05,22.73,Typical AD,Control
rs6989198,8,14547284,3.206e-05,22.73,Typical AD,Control
rs10272941,7,52748225,3.235e-05,20.93,Typical AD,Control
rs9659030,1,103342392,3.249e-05,27.27,Typical AD,Control
rs6940159,6,170332621,3.365e-05,18.89,Typical AD,Control
rs2022259,20,5464732,3.374e-05,18.87,Typical AD,Control
rs4612038,5,83242142,3.466e-05,14.42,Typical AD,Control
rs10251790,7,12097701,3.497e-05,15.87,Typical AD,Control
rs455357,3,287419,3.52e-05,25.36,Typical AD,Control
rs2036829,8,14573575,3.54e-05,18.96,Typical AD,Control
rs10819243,9,129633328,3.581e-05,20.05,Typical AD,Control
rs697749,6,36908382,3.625e-05,29.26,Typical AD,Control
rs144848,13,32906729,3.722e-05,15.01,Typical AD,Control
rs13263700,8,14587716,3.726e-05,15.05,Typical AD,Control
rs12952334,17,10431275,3.734e-05,16.44,Typical AD,Control
rs2055857,8,14599592,3.789e-05,19.32,Typical AD,Control
rs496179,1,97721488,3.801e-05,16.9,Typical AD,Control
rs875085,6,3572371,3.831e-05,16.48,Typical AD,Control
rs10055390,5,24859690,3.892e-05,29.53,Typical AD,Control
rs724066,8,72443097,3.922e-05,16.45,Typical AD,Control
rs9556929,13,98956599,3.926e-05,21.66,Typical AD,Control
rs4968932,17,66706920,3.938e-05,16.33,Typical AD,Control
rs10953392,7,77625851,3.969e-05,22.27,Typical AD,Control
rs2877251,22,25234481,4.078e-05,21.62,Typical AD,Control
rs3912107,1,241126234,4.096e-05,17.23,Typical AD,Control
rs2242487,7,129657882,4.122e-05,20.18,Typical AD,Control
rs10404583,19,56743681,4.132e-05,17.38,Typical AD,Control
rs11621995,14,99587447,4.156e-05,14.52,Typical AD,Control
rs2839502,21,43805965,4.178e-05,16.71,Typical AD,Control
rs3912106,1,241125990,4.226e-05,14.52,Typical AD,Control
rs6755028,2,128195442,4.241e-05,18.91,Typical AD,Control
rs17793809,14,22794295,4.255e-05,13.2,Typical AD,Control
rs754819,9,21626573,4.272e-05,15.05,Typical AD,Control
rs9524821,13,95843434,4.274e-05,14.43,Typical AD,Control
rs11987321,8,143116776,4.313e-05,15.04,Typical AD,Control
rs6557919,8,26290773,4.32e-05,17.05,Typical AD,Control
rs7187560,16,24322367,4.328e-05,15.04,Typical AD,Control
rs10764170,10,20147680,4.335e-05,14.87,Typical AD,Control
rs9362141,6,85894338,4.338e-05,17.02,Typical AD,Control
rs17152780,10,13100857,4.343e-05,16.86,Typical AD,Control
rs2133175,1,214482888,4.344e-05,15.6,Typical AD,Control
rs17069892,13,79021316,4.353e-05,17.68,Typical AD,Control
rs9616694,22,50019813,4.386e-05,28.03,Typical AD,Control
rs7844565,8,139686742,4.47e-05,21.37,Typical AD,Control
rs10496652,2,126736747,4.482e-05,16.08,Typical AD,Control
rs13071680,3,36018767,4.501e-05,20.83,Typical AD,Control
rs757951,7,89690275,4.506e-05,13.91,Typical AD,Control
rs17648754,15,27494696,4.508e-05,14.59,Typical AD,Control
rs592609,1,97711452,4.521e-05,16.88,Typical AD,Control
rs1319475,10,15645753,4.584e-05,18.57,Typical AD,Control
rs11584149,1,18060264,4.585e-05,11.5,Typical AD,Control
rs13106255,4,184762700,4.589e-05,22.61,Typical AD,Control
rs4072376,18,59970583,4.616e-05,14.1,Typical AD,Control
rs7854386,9,138120574,4.656e-05,22.18,Typical AD,Control
rs7785860,7,12103271,4.668e-05,14.46,Typical AD,Control
rs4256883,10,63907602,4.685e-05,12.98,Typical AD,Control
rs4529337,6,8871624,4.686e-05,15.92,Typical AD,Control
rs7026673,9,138182939,4.724e-05,21.36,Typical AD,Control
rs6682084,1,241135110,4.725e-05,13.33,Typical AD,Control
rs9351948,6,73573279,4.726e-05,13.03,Typical AD,Control
rs4475815,1,218146855,4.737e-05,15.14,Typical AD,Control
rs9585410,13,101009454,4.751e-05,16.21,Typical AD,Control
rs2108606,17,10362269,4.766e-05,15.3,Typical AD,Control
rs369410,7,151005056,4.787e-05,14.41,Typical AD,Control
rs13115333,4,27323221,4.793e-05,22.71,Typical AD,Control
rs17442542,4,122533936,4.841e-05,16.3,Typical AD,Control
rs17135029,7,52497012,4.841e-05,12.48,Typical AD,Control
rs533365,1,97703325,4.847e-05,16.1,Typical AD,Control
rs2567698,9,116837945,4.852e-05,40.99,Typical AD,Control
rs7320409,13,108085618,4.868e-05,13.24,Typical AD,Control
rs10958679,8,41223011,4.904e-05,15.6,Typical AD,Control
rs12895203,14,66339018,4.924e-05,14.46,Typical AD,Control
rs12668833,7,138525605,4.929e-05,13.24,Typical AD,Control
rs10038264,5,3266396,4.946e-05,24.19,Typical AD,Control
rs6053422,20,5449373,4.948e-05,14.7,Typical AD,Control
rs565610,18,59697596,4.95e-05,13.25,Typical AD,Control
rs7149428,14,48416201,4.955e-05,20.87,Typical AD,Control
rs10242213,7,88737192,4.962e-05,17.7,Typical AD,Control
rs6801173,3,71795743,5.002e-05,12.77,Typical AD,Control
rs831750,1,201159461,5.012e-05,16.69,Typical AD,Control
rs515146,1,47955790,5.029e-05,11.95,Typical AD,Control
rs526225,6,85842716,5.037e-05,14.44,Typical AD,Control
rs6453953,6,77663444,5.042e-05,14.07,Typical AD,Control
rs421604,1,189548411,5.052e-05,14.44,Typical AD,Control
rs12031059,1,218129861,5.08e-05,14.4,Typical AD,Control
rs10915587,1,4746636,5.087e-05,21.34,Typical AD,Control
rs7984157,13,95911900,5.088e-05,13.41,Typical AD,Control
rs1463444,3,182326726,5.09e-05,13.56,Typical AD,Control
rs2749957,20,17883295,5.091e-05,21.38,Typical AD,Control
rs1929677,10,121862405,5.112e-05,21.29,Typical AD,Control
rs6861822,5,10172430,5.113e-05,14.05,Typical AD,Control
rs10136383,14,22801079,5.114e-05,13.23,Typical AD,Control
rs1441561,13,70593012,5.117e-05,14.08,Typical AD,Control
rs4559317,9,91313899,5.138e-05,15.81,Typical AD,Control
rs6429729,1,15540734,5.142e-05,14.45,Typical AD,Control
rs2041127,17,10493837,5.15e-05,14.6,Typical AD,Control
rs11855605,15,51019117,5.161e-05,11.88,Typical AD,Control
rs7826194,8,94882313,5.165e-05,14.05,Typical AD,Control
rs16899974,5,34998877,5.167e-05,13.18,Typical AD,Control
rs11037217,11,43049826,5.168e-05,17.44,Typical AD,Control
rs7350915,17,21861665,5.174e-05,27.44,Typical AD,Control
rs1783819,11,57447561,5.175e-05,21.56,Typical AD,Control
rs902467,10,98923531,5.176e-05,15.04,Typical AD,Control
rs10511104,3,81191942,5.189e-05,12.38,Typical AD,Control
rs6053417,20,5447617,5.19e-05,16.12,Typical AD,Control
rs10167695,2,51058745,5.194e-05,15.03,Typical AD,Control
rs6564272,16,73529760,5.196e-05,15.3,Typical AD,Control
rs12595754,15,51072315,5.202e-05,11.92,Typical AD,Control
rs1525510,7,109734425,5.208e-05,20.38,Typical AD,Control
rs6123005,20,49888904,5.218e-05,20.39,Typical AD,Control
rs10938677,4,41222917,5.222e-05,14.44,Typical AD,Control
rs2720797,8,3574311,5.222e-05,42.92,Typical AD,Control
rs6573445,14,62982107,5.228e-05,10.86,Typical AD,Control
rs7551550,1,20437764,5.229e-05,13.64,Typical AD,Control
rs515583,6,85876291,5.239e-05,14.56,Typical AD,Control
rs2070384,21,34363525,5.253e-05,20.48,Typical AD,Control
rs8043733,16,49677512,5.262e-05,21.13,Typical AD,Control
rs10043664,5,54428310,5.264e-05,13.57,Typical AD,Control
rs890934,19,41227968,5.266e-05,20.91,Typical AD,Control
rs8066276,17,61589265,5.272e-05,17.42,Typical AD,Control
rs1563553,5,83024710,5.276e-05,12.36,Typical AD,Control
rs6886442,5,82973210,5.279e-05,11.89,Typical AD,Control
rs11972231,7,25402437,5.286e-05,16.7,Typical AD,Control
rs11764103,7,25393047,5.286e-05,16.7,Typical AD,Control
rs331892,3,337727,5.288e-05,27.81,Typical AD,Control
rs7654425,4,155456608,5.298e-05,16.84,Typical AD,Control
rs3803809,17,1966252,5.302e-05,13.62,Typical AD,Control
rs985492,18,29311034,5.307e-05,15.93,Typical AD,Control
rs1021580,5,54439466,5.307e-05,14.2,Typical AD,Control
rs940075,8,134018764,5.323e-05,12.55,Typical AD,Control
rs4775230,15,60303749,5.329e-05,15.89,Typical AD,Control
rs9443323,6,77624386,5.35e-05,13.96,Typical AD,Control
rs2525795,4,97908904,5.354e-05,12.28,Typical AD,Control
rs11628327,14,48477674,5.358e-05,17.38,Typical AD,Control
rs10279416,7,23845554,5.358e-05,14.75,Typical AD,Control
rs12998321,2,21131683,5.36e-05,13.81,Typical AD,Control
rs17148479,7,23926738,5.361e-05,13.23,Typical AD,Control
rs3865451,19,41205539,5.383e-05,20.12,Typical AD,Control
rs891958,5,168353413,5.388e-05,14.73,Typical AD,Control
rs4930766,12,5712164,5.398e-05,15.98,Typical AD,Control
rs11171580,12,55975171,5.41e-05,12.73,Typical AD,Control
rs1503840,3,100561198,5.419e-05,14.16,Typical AD,Control
rs7579192,2,64173312,5.424e-05,14.54,Typical AD,Control
rs7600286,2,208046557,5.434e-05,25.27,Typical AD,Control
rs10514480,16,80131517,5.436e-05,16.48,Typical AD,Control
rs9537711,13,57914363,5.439e-05,13.83,Typical AD,Control
rs1370619,2,211990188,5.445e-05,14.58,Typical AD,Control
rs9809640,3,77415062,5.448e-05,17.8,Typical AD,Control
rs4866134,5,18999510,5.45e-05,13.74,Typical AD,Control
rs1473094,4,30476154,5.45e-05,21.85,Typical AD,Control
rs17613128,5,16569071,5.48e-05,15.87,Typical AD,Control
rs6716767,2,42559256,5.482e-05,12.43,Typical AD,Control
rs6818354,4,157345022,5.483e-05,21.07,Typical AD,Control
rs11785440,8,4235701,5.487e-05,15.45,Typical AD,Control
rs10510793,3,57473750,5.496e-05,14.46,Typical AD,Control
rs7858253,9,138149166,5.497e-05,21.2,Typical AD,Control
rs11754368,6,26221173,5.503e-05,13.22,Typical AD,Control
rs12822199,12,75458164,5.51e-05,22.41,Typical AD,Control
rs2018863,19,56745782,5.514e-05,13.12,Typical AD,Control
rs10420747,19,56748834,5.514e-05,13.12,Typical AD,Control
rs9786932,1,241152090,5.519e-05,14.43,Typical AD,Control
rs685870,11,64111928,5.52e-05,14.74,Typical AD,Control
rs6534295,4,122487647,5.524e-05,14.43,Typical AD,Control
rs11929364,3,320201,5.531e-05,14.1,Typical AD,Control
rs7929496,11,117502961,5.542e-05,19.98,Typical AD,Control
rs10496668,2,129104968,5.542e-05,12.02,Typical AD,Control
rs4664901,2,158712538,5.546e-05,29.8,Typical AD,Control
rs7236574,18,10795051,5.548e-05,13.52,Typical AD,Control
rs17054002,6,142024340,5.563e-05,14.05,Typical AD,Control
rs3850475,4,112809145,5.573e-05,17.21,Typical AD,Control
rs2228006,7,6026775,5.577e-05,20.81,Typical AD,Control
rs39425,7,25105552,5.577e-05,14.33,Typical AD,Control
rs2242131,19,41060616,5.579e-05,20.29,Typical AD,Control
rs1047854,19,1481481,5.579e-05,16.17,Typical AD,Control
rs4435501,2,96981369,5.594e-05,14.5,Typical AD,Control
rs12022524,1,43326208,5.599e-05,15.05,Typical AD,Control
rs7934055,11,71262138,5.615e-05,14.11,Typical AD,Control
rs12490319,3,114511356,5.635e-05,13.48,Typical AD,Control
rs1078761,20,31876681,5.637e-05,15.43,Typical AD,Control
rs8058023,16,13352269,5.654e-05,15.82,Typical AD,Control
rs4594818,5,25992457,5.66e-05,16.65,Typical AD,Control
rs1354504,8,122272740,5.666e-05,19.63,Typical AD,Control
rs13316898,3,129651554,5.671e-05,14.49,Typical AD,Control
rs2209044,6,134132238,5.685e-05,11.83,Typical AD,Control
rs4735246,8,94895433,5.699e-05,13.91,Typical AD,Control
rs2726516,4,106346206,5.709e-05,13.41,Typical AD,Control
rs2798105,1,48961903,5.709e-05,14.1,Typical AD,Control
rs13385731,2,33701890,5.718e-05,20.44,Typical AD,Control
rs732132,2,56011881,5.724e-05,15.97,Typical AD,Control
rs7801499,7,144377107,5.724e-05,13.88,Typical AD,Control
rs740908,17,5607859,5.726e-05,13.42,Typical AD,Control
rs1169307,12,121438382,5.729e-05,16.94,Typical AD,Control
rs10499703,7,52722167,5.729e-05,12.91,Typical AD,Control
rs728544,6,22615484,5.731e-05,14.03,Typical AD,Control
rs7806362,7,28386703,5.731e-05,13.11,Typical AD,Control
rs6141382,20,31884069,5.736e-05,13.71,Typical AD,Control
rs2073844,11,113984975,5.741e-05,12.01,Typical AD,Control
rs9294331,6,85962470,5.741e-05,14.73,Typical AD,Control
rs11644102,16,24323230,5.743e-05,11.72,Typical AD,Control
rs10233387,7,27243106,5.752e-05,17.14,Typical AD,Control
rs794428,16,11268431,5.775e-05,17.35,Typical AD,Control
rs6037864,20,4514960,5.778e-05,13.0,Typical AD,Control
rs4488182,11,41075561,5.78e-05,17.14,Typical AD,Control
rs888853,5,149232525,5.787e-05,12.57,Typical AD,Control
rs2959777,8,6433935,5.79e-05,16.52,Typical AD,Control
rs6029180,20,39178923,5.792e-05,12.2,Typical AD,Control
rs2355170,14,63063997,5.796e-05,11.36,Typical AD,Control
rs9303909,18,2634848,5.798e-05,14.01,Typical AD,Control
rs4512473,9,21663040,5.798e-05,13.21,Typical AD,Control
rs936127,2,129124530,5.81e-05,14.8,Typical AD,Control
rs9591786,13,57575476,5.812e-05,16.29,Typical AD,Control
rs921634,7,47872845,5.818e-05,13.7,Typical AD,Control
rs6109487,20,12572733,5.823e-05,22.18,Typical AD,Control
rs11103792,9,138173409,5.823e-05,20.65,Typical AD,Control
rs11699560,20,17889881,5.823e-05,13.27,Typical AD,Control
rs1461803,3,28699121,5.828e-05,20.19,Typical AD,Control
rs17302066,15,59205253,5.832e-05,12.06,Typical AD,Control
rs4965316,15,101092226,5.836e-05,19.97,Typical AD,Control
rs4680132,3,154157941,5.841e-05,13.96,Typical AD,Control
rs9568366,13,50566466,5.848e-05,21.16,Typical AD,Control
rs10497792,2,197490846,5.852e-05,12.38,Typical AD,Control
rs10497791,2,197491974,5.852e-05,12.38,Typical AD,Control
rs155916,1,189566655,5.861e-05,11.4,Typical AD,Control
rs11773804,7,27206688,5.864e-05,16.33,Typical AD,Control
rs7778134,7,7924797,5.866e-05,13.14,Typical AD,Control
rs8017842,14,100055722,5.88e-05,12.18,Typical AD,Control
rs2377446,2,106679941,5.881e-05,13.36,Typical AD,Control
rs42369,16,11264612,5.887e-05,17.33,Typical AD,Control
rs305071,16,85949271,5.896e-05,11.93,Typical AD,Control
rs10499198,6,138266431,5.898e-05,13.19,Typical AD,Control
rs1661178,19,45046352,5.912e-05,11.42,Typical AD,Control
rs425366,3,325410,5.916e-05,21.9,Typical AD,Control
rs2965749,16,69771914,5.924e-05,13.83,Typical AD,Control
rs4348787,1,234110781,5.927e-05,20.52,Typical AD,Control
rs735396,12,121438844,5.933e-05,18.96,Typical AD,Control
rs2503838,6,5454013,5.936e-05,19.16,Typical AD,Control
rs1173099,9,93441674,5.937e-05,21.3,Typical AD,Control
rs960621,13,75225241,5.939e-05,14.16,Typical AD,Control
rs10033900,4,110659067,5.944e-05,19.14,Typical AD,Control
rs319134,5,103322064,5.954e-05,12.57,Typical AD,Control
rs1684895,10,61726870,5.956e-05,14.64,Typical AD,Control
rs7846655,8,87844003,5.962e-05,13.88,Typical AD,Control
rs2244625,11,64026144,5.971e-05,13.66,Typical AD,Control
rs2962540,5,145450586,5.974e-05,12.8,Typical AD,Control
rs17238608,16,86036524,5.974e-05,15.74,Typical AD,Control
rs2044107,18,2635263,5.978e-05,13.8,Typical AD,Control
rs2129283,11,11053680,5.982e-05,20.67,Typical AD,Control
rs1294521,14,90918902,5.991e-05,14.6,Typical AD,Control
rs2863819,1,189595647,6e-05,11.29,Typical AD,Control
rs7733848,5,39746640,6.003e-05,14.72,Typical AD,Control
rs6897624,5,10150933,6.017e-05,14.09,Typical AD,Control
rs2153157,6,10897488,6.024e-05,14.46,Typical AD,Control
rs1980840,13,75205362,6.029e-05,14.11,Typical AD,Control
rs1322100,6,77740109,6.031e-05,13.56,Typical AD,Control
rs17194476,3,2537916,6.034e-05,13.0,Typical AD,Control
rs6708269,2,192666465,6.034e-05,18.82,Typical AD,Control
rs11646550,16,85938835,6.044e-05,12.04,Typical AD,Control
rs8004456,14,92997183,6.047e-05,24.76,Typical AD,Control
rs3115376,2,231845762,6.056e-05,14.05,Typical AD,Control
rs1080669,19,51566268,6.056e-05,12.03,Typical AD,Control
rs17405463,1,15543354,6.058e-05,13.58,Typical AD,Control
rs2959219,18,35998626,6.063e-05,20.47,Typical AD,Control
rs9459964,6,170341197,6.069e-05,13.48,Typical AD,Control
rs6949451,7,27215041,6.07e-05,13.97,Typical AD,Control
rs17202895,6,1443801,6.084e-05,12.57,Typical AD,Control
rs388927,14,69324890,6.084e-05,13.13,Typical AD,Control
rs10496744,2,137159383,6.091e-05,12.25,Typical AD,Control
rs17395021,8,3427306,6.093e-05,12.37,Typical AD,Control
rs880011,15,31465363,6.105e-05,16.21,Typical AD,Control
rs8054909,16,17381582,6.11e-05,14.51,Typical AD,Control
rs10999728,10,72960558,6.113e-05,16.0,Typical AD,Control
rs1894151,18,53763451,6.116e-05,16.25,Typical AD,Control
rs17160114,7,31435744,6.118e-05,13.81,Typical AD,Control
rs2041733,16,11229589,6.12e-05,16.16,Typical AD,Control
rs1869381,2,12344474,6.122e-05,12.46,Typical AD,Control
rs9302876,17,76479389,6.127e-05,14.08,Typical AD,Control
rs4053608,6,90787599,6.133e-05,12.11,Typical AD,Control
rs11733040,4,137480493,6.133e-05,12.64,Typical AD,Control
rs11848655,14,48475235,6.14e-05,15.38,Typical AD,Control
rs4944448,11,70920722,6.141e-05,12.83,Typical AD,Control
rs2614589,4,179402364,6.144e-05,12.52,Typical AD,Control
rs207300,4,19096163,6.146e-05,15.09,Typical AD,Control
rs5993749,22,19616341,6.146e-05,11.28,Typical AD,Control
rs1447314,8,94245892,6.15e-05,14.06,Typical AD,Control
rs2942800,8,2715180,6.151e-05,12.35,Typical AD,Control
rs9458781,6,163721184,6.151e-05,11.59,Typical AD,Control
rs2492495,1,112926756,6.167e-05,15.12,Typical AD,Control
rs4691555,4,155891502,6.17e-05,12.75,Typical AD,Control
rs1518492,4,73433875,6.171e-05,13.09,Typical AD,Control
rs519165,2,240141383,6.174e-05,12.62,Typical AD,Control
rs11640338,16,85689653,6.176e-05,18.11,Typical AD,Control
rs10185490,2,71166840,6.182e-05,13.51,Typical AD,Control
rs10488992,4,18281475,6.182e-05,13.88,Typical AD,Control
rs4140904,4,18315992,6.195e-05,12.95,Typical AD,Control
rs2101938,17,8620629,6.208e-05,12.6,Typical AD,Control
rs3130604,6,32985052,6.214e-05,12.28,Typical AD,Control
rs763469,6,33004387,6.214e-05,12.28,Typical AD,Control
rs3097659,6,33016033,6.214e-05,12.28,Typical AD,Control
rs2717952,7,37386098,6.219e-05,12.31,Typical AD,Control
rs10130093,14,89799122,6.221e-05,15.68,Typical AD,Control
rs4947712,7,52468999,6.225e-05,16.69,Typical AD,Control
rs1458762,1,229157752,6.225e-05,14.7,Typical AD,Control
rs12207132,6,68882437,6.228e-05,13.3,Typical AD,Control
rs7140410,14,52162092,6.232e-05,13.98,Typical AD,Control
rs7336432,13,63296881,6.246e-05,12.43,Typical AD,Control
rs1033846,1,18073505,6.251e-05,11.6,Typical AD,Control
rs1347979,10,13097737,6.258e-05,15.86,Typical AD,Control
rs1165222,1,55638075,6.264e-05,13.46,Typical AD,Control
rs17255171,14,59520042,6.277e-05,12.95,Typical AD,Control
rs17324947,7,3852261,6.283e-05,11.8,Typical AD,Control
rs6607353,17,35252013,6.283e-05,12.92,Typical AD,Control
rs2517120,8,17331692,6.286e-05,14.82,Typical AD,Control
rs11636069,15,87534930,6.286e-05,13.62,Typical AD,Control
rs2014889,2,10467171,6.287e-05,19.37,Typical AD,Control
rs3859084,16,82930746,6.299e-05,15.69,Typical AD,Control
rs12346753,9,113278199,6.302e-05,11.79,Typical AD,Control
rs17057618,9,74925179,6.31e-05,13.05,Typical AD,Control
rs324324,18,38358755,6.313e-05,12.66,Typical AD,Control
rs11136268,8,144294773,6.313e-05,11.97,Typical AD,Control
rs1267034,2,162072738,6.315e-05,13.9,Typical AD,Control
rs4844687,1,208701134,6.32e-05,12.99,Typical AD,Control
rs2203349,15,102376761,6.322e-05,18.99,Typical AD,Control
rs163603,1,77075248,6.343e-05,16.68,Typical AD,Control
rs11029096,11,26038571,6.345e-05,13.27,Typical AD,Control
rs17755381,4,7282506,6.347e-05,22.18,Typical AD,Control
rs2853009,11,118148146,6.353e-05,15.24,Typical AD,Control
rs11745421,5,168191066,6.354e-05,12.11,Typical AD,Control
rs17413414,20,56176534,6.354e-05,12.07,Typical AD,Control
rs10992966,9,96658325,6.358e-05,12.31,Typical AD,Control
rs7588415,2,21123661,6.364e-05,13.19,Typical AD,Control
rs6022842,20,52523546,6.365e-05,14.74,Typical AD,Control
rs12698617,7,67165048,6.367e-05,15.39,Typical AD,Control
rs6456389,6,20990153,6.367e-05,14.53,Typical AD,Control
rs7962636,12,116450006,6.368e-05,12.43,Typical AD,Control
rs2460002,1,2119833,6.374e-05,15.05,Typical AD,Control
rs756850,13,30911531,6.375e-05,14.78,Typical AD,Control
rs933880,12,107848652,6.388e-05,20.03,Typical AD,Control
rs292182,5,36954812,6.391e-05,15.13,Typical AD,Control
rs12186457,5,14036509,6.406e-05,15.0,Typical AD,Control
rs10489760,1,189580639,6.415e-05,11.13,Typical AD,Control
rs739310,22,27051299,6.418e-05,12.92,Typical AD,Control
rs2022976,8,107401813,6.418e-05,11.05,Typical AD,Control
rs134967,22,27557929,6.42e-05,13.41,Typical AD,Control
rs10208402,2,115203917,6.422e-05,12.49,Typical AD,Control
rs13139048,4,124372645,6.424e-05,11.48,Typical AD,Control
rs2383022,9,17485598,6.425e-05,12.04,Typical AD,Control
rs2862876,7,64101034,6.425e-05,10.98,Typical AD,Control
rs11619239,13,53479775,6.429e-05,11.76,Typical AD,Control
rs2486884,10,6946729,6.43e-05,18.51,Typical AD,Control
rs10517561,4,152833119,6.436e-05,11.83,Typical AD,Control
rs9961862,18,53749710,6.44e-05,11.79,Typical AD,Control
rs6969282,7,137846601,6.445e-05,13.36,Typical AD,Control
rs9303682,17,33492402,6.449e-05,14.88,Typical AD,Control
rs10857265,4,152914614,6.452e-05,13.15,Typical AD,Control
rs17158988,15,84065639,6.453e-05,11.85,Typical AD,Control
rs12276840,11,132348398,6.453e-05,13.05,Typical AD,Control
rs9322557,6,156363648,6.458e-05,11.18,Typical AD,Control
rs11203452,1,18074702,6.465e-05,11.06,Typical AD,Control
rs206834,2,31709417,6.465e-05,19.95,Typical AD,Control
rs4747860,10,10540164,6.471e-05,12.92,Typical AD,Control
rs2190815,5,129453234,6.475e-05,21.8,Typical AD,Control
rs4148157,4,89020934,6.476e-05,13.19,Typical AD,Control
rs2054576,4,89028775,6.476e-05,13.19,Typical AD,Control
rs4693924,4,89023224,6.476e-05,13.19,Typical AD,Control
rs2254300,8,14589550,6.488e-05,15.75,Typical AD,Control
rs17259924,7,3869969,6.491e-05,11.72,Typical AD,Control
rs10021442,4,47589896,6.499e-05,12.09,Typical AD,Control
rs13299328,9,111703561,6.5e-05,15.9,Typical AD,Control
rs2039910,10,15712828,6.507e-05,18.08,Typical AD,Control
rs2190863,14,71712343,6.507e-05,13.89,Typical AD,Control
rs12918898,16,73466879,6.513e-05,12.55,Typical AD,Control
rs11074952,16,11218606,6.514e-05,14.23,Typical AD,Control
rs6734547,2,49052293,6.516e-05,11.67,Typical AD,Control
rs1455441,6,68896299,6.52e-05,13.0,Typical AD,Control
rs12580779,12,3140979,6.521e-05,11.69,Typical AD,Control
rs12657926,5,144890837,6.526e-05,14.1,Typical AD,Control
rs6990987,8,121928254,6.528e-05,12.29,Typical AD,Control
rs7552919,1,18125179,6.532e-05,12.03,Typical AD,Control
rs7936950,11,35278959,6.538e-05,11.56,Typical AD,Control
rs4751631,10,119366745,6.54e-05,20.54,Typical AD,Control
rs10491726,9,114342146,6.546e-05,19.22,Typical AD,Control
rs137507,22,33282971,6.547e-05,13.35,Typical AD,Control
rs9969594,8,105106882,6.549e-05,14.55,Typical AD,Control
rs6685141,1,76810983,6.551e-05,12.17,Typical AD,Control
rs6835454,4,24415312,6.555e-05,37.18,Typical AD,Control
rs9683947,4,137479869,6.562e-05,12.5,Typical AD,Control
rs7085532,10,114859463,6.584e-05,12.93,Typical AD,Control
rs11679426,2,5892202,6.585e-05,13.42,Typical AD,Control
rs11938222,4,110555678,6.585e-05,14.71,Typical AD,Control
rs2439614,13,70641136,6.588e-05,12.58,Typical AD,Control
rs7650201,3,114524645,6.589e-05,12.59,Typical AD,Control
rs11636500,15,82451027,6.596e-05,16.03,Typical AD,Control
rs6891871,5,95357625,6.599e-05,16.51,Typical AD,Control
rs6866306,5,99986537,6.6e-05,15.28,Typical AD,Control
rs1370920,2,223005125,6.602e-05,12.85,Typical AD,Control
rs2235584,20,44172436,6.604e-05,12.47,Typical AD,Control
rs11637457,15,87572506,6.614e-05,13.58,Typical AD,Control
rs735719,2,80495229,6.617e-05,12.43,Typical AD,Control
rs11620007,13,53492990,6.619e-05,12.33,Typical AD,Control
rs12577738,11,42955957,6.621e-05,11.11,Typical AD,Control
rs6563943,16,83639335,6.628e-05,13.26,Typical AD,Control
rs7148568,14,81933447,6.63e-05,18.53,Typical AD,Control
rs9821503,3,26117140,6.632e-05,13.63,Typical AD,Control
rs1426763,3,26069100,6.632e-05,13.63,Typical AD,Control
rs991623,3,26087857,6.632e-05,13.63,Typical AD,Control
rs2663158,16,73993052,6.633e-05,17.42,Typical AD,Control
rs8081823,17,8965551,6.633e-05,11.35,Typical AD,Control
rs7039441,9,140605334,6.634e-05,13.6,Typical AD,Control
rs8021964,14,52105814,6.638e-05,14.53,Typical AD,Control
rs4884871,13,70592704,6.639e-05,13.46,Typical AD,Control
rs2439312,8,32412359,6.642e-05,13.23,Typical AD,Control
rs13373881,1,47673296,6.647e-05,10.81,Typical AD,Control
rs8081117,17,80303555,6.651e-05,12.12,Typical AD,Control
rs3020164,8,117926775,6.654e-05,15.03,Typical AD,Control
rs10184380,2,79914884,6.657e-05,11.26,Typical AD,Control
rs11120820,1,7087739,6.664e-05,13.82,Typical AD,Control
rs368269,21,41099937,6.666e-05,13.16,Typical AD,Control
rs2548130,5,95041668,6.667e-05,14.1,Typical AD,Control
rs2388068,13,29997689,6.667e-05,13.43,Typical AD,Control
rs1560848,3,30245137,6.67e-05,14.9,Typical AD,Control
rs1545077,4,40754154,6.672e-05,12.63,Typical AD,Control
rs12365183,11,98999681,6.679e-05,16.35,Typical AD,Control
rs17767336,6,90800438,6.681e-05,14.38,Typical AD,Control
rs10961558,9,14538577,6.686e-05,12.57,Typical AD,Control
rs1227929,2,162720101,6.687e-05,13.58,Typical AD,Control
rs1325287,1,76822376,6.687e-05,12.25,Typical AD,Control
rs565169,8,8637957,6.688e-05,12.17,Typical AD,Control
rs9860475,3,16749024,6.688e-05,17.61,Typical AD,Control
rs2363570,1,200037007,6.69e-05,11.81,Typical AD,Control
rs7181703,15,98924124,6.693e-05,13.84,Typical AD,Control
rs7659062,4,189587079,6.696e-05,11.73,Typical AD,Control
rs2270801,3,132277866,6.707e-05,11.77,Typical AD,Control
rs201611,17,10563050,6.707e-05,18.99,Typical AD,Control
rs16868514,7,93407706,6.712e-05,12.29,Typical AD,Control
rs10956888,8,94898694,6.715e-05,13.84,Typical AD,Control
rs11011683,10,20217660,6.721e-05,13.94,Typical AD,Control
rs297765,20,4487111,6.721e-05,12.51,Typical AD,Control
rs4743634,9,105977018,6.723e-05,12.48,Typical AD,Control
rs7665238,4,124329732,6.723e-05,12.62,Typical AD,Control
rs220938,6,15840845,6.724e-05,14.85,Typical AD,Control
rs445857,1,189552579,6.731e-05,12.23,Typical AD,Control
rs12700884,7,28394531,6.731e-05,13.8,Typical AD,Control
rs1200875,10,37505192,6.733e-05,11.22,Typical AD,Control
rs1944395,18,36017573,6.736e-05,16.94,Typical AD,Control
rs4080824,10,31015533,6.739e-05,15.19,Typical AD,Control
rs1277293,4,57931341,6.745e-05,17.63,Typical AD,Control
rs1011961,4,95810540,6.746e-05,13.09,Typical AD,Control
rs1859156,4,95834034,6.746e-05,13.09,Typical AD,Control
rs268065,2,59898341,6.751e-05,12.62,Typical AD,Control
rs6793440,3,77909964,6.754e-05,14.5,Typical AD,Control
rs4853924,2,2548524,6.763e-05,13.47,Typical AD,Control
rs833609,4,167118729,6.764e-05,14.46,Typical AD,Control
rs1229933,19,22075704,6.767e-05,11.47,Typical AD,Control
rs2088077,5,37556926,6.768e-05,15.11,Typical AD,Control
rs17566447,12,42930277,6.769e-05,15.56,Typical AD,Control
rs2145587,14,32981484,6.777e-05,12.48,Typical AD,Control
rs1944047,11,62849656,6.78e-05,14.4,Typical AD,Control
rs10020753,4,156834028,6.781e-05,13.71,Typical AD,Control
rs2000937,6,102310726,6.784e-05,12.1,Typical AD,Control
rs12065902,1,41904551,6.788e-05,12.34,Typical AD,Control
rs12528988,6,165814173,6.788e-05,12.77,Typical AD,Control
rs2163854,19,56752892,6.793e-05,12.12,Typical AD,Control
rs4614822,18,44106331,6.793e-05,12.02,Typical AD,Control
rs941648,14,92931737,6.795e-05,12.8,Typical AD,Control
rs38513,7,28028227,6.795e-05,12.15,Typical AD,Control
rs10181857,2,224015791,6.796e-05,13.17,Typical AD,Control
rs12658486,5,39806217,6.798e-05,13.68,Typical AD,Control
rs6140774,20,8839757,6.799e-05,12.27,Typical AD,Control
rs8053178,16,73524172,6.806e-05,13.15,Typical AD,Control
rs4072103,11,7460958,6.808e-05,11.31,Typical AD,Control
rs2014131,4,155047531,6.811e-05,13.37,Typical AD,Control
rs940633,7,55537497,6.812e-05,13.37,Typical AD,Control
rs12232403,16,13367049,6.813e-05,15.01,Typical AD,Control
rs10818924,9,126913862,6.814e-05,18.48,Typical AD,Control
rs944990,9,96191004,6.818e-05,11.21,Typical AD,Control
rs1537510,9,122676538,6.819e-05,11.36,Typical AD,Control
rs910700,20,5466940,6.82e-05,12.32,Typical AD,Control
rs11708737,3,3099460,6.82e-05,15.83,Typical AD,Control
rs4128518,1,117494820,6.826e-05,16.15,Typical AD,Control
rs10982110,9,116980052,6.832e-05,12.16,Typical AD,Control
rs917361,17,10355763,6.835e-05,11.51,Typical AD,Control
rs1343837,4,137493086,6.835e-05,12.28,Typical AD,Control
rs17628000,17,42939337,6.838e-05,14.18,Typical AD,Control
rs1799875,1,110148974,6.838e-05,15.9,Typical AD,Control
rs7185630,16,88805183,6.84e-05,13.61,Typical AD,Control
rs1055142,8,123552740,6.84e-05,13.45,Typical AD,Control
rs10403345,19,56741808,6.842e-05,10.55,Typical AD,Control
rs10501763,11,91638725,6.846e-05,12.11,Typical AD,Control
rs166112,5,132752066,6.848e-05,12.45,Typical AD,Control
rs575595,6,124867530,6.851e-05,13.3,Typical AD,Control
rs4899265,14,69321561,6.851e-05,13.6,Typical AD,Control
rs1327600,1,81804154,6.856e-05,12.47,Typical AD,Control
rs7035325,9,97409437,6.858e-05,14.58,Typical AD,Control
rs1983634,6,146665616,6.859e-05,11.73,Typical AD,Control
rs1464890,7,129664312,6.862e-05,13.98,Typical AD,Control
rs390488,1,241068852,6.864e-05,12.27,Typical AD,Control
rs7963803,12,72331318,6.866e-05,15.23,Typical AD,Control
rs17798885,18,22628883,6.868e-05,11.8,Typical AD,Control
rs2076513,6,1591011,6.87e-05,17.24,Typical AD,Control
rs2329082,13,79010676,6.87e-05,18.25,Typical AD,Control
rs10218945,10,54864975,6.873e-05,14.97,Typical AD,Control
rs690337,15,54008795,6.877e-05,12.64,Typical AD,Control
rs310456,19,56045522,6.878e-05,19.44,Typical AD,Control
rs17732181,17,6860607,6.878e-05,13.76,Typical AD,Control
rs1776575,4,37235854,6.882e-05,13.12,Typical AD,Control
rs12870594,13,31462909,6.885e-05,12.12,Typical AD,Control
rs983398,7,46642397,6.893e-05,11.01,Typical AD,Control
rs10400271,11,5639873,6.897e-05,11.89,Typical AD,Control
rs16873828,7,25357772,6.899e-05,12.62,Typical AD,Control
rs9650614,8,8693386,6.899e-05,13.28,Typical AD,Control
rs2851045,4,101920450,6.902e-05,12.64,Typical AD,Control
rs7331655,13,22786026,6.904e-05,17.07,Typical AD,Control
rs7920144,10,15304786,6.905e-05,11.04,Typical AD,Control
rs6753288,2,128169899,6.908e-05,13.1,Typical AD,Control
rs2050427,6,77587889,6.909e-05,13.85,Typical AD,Control
rs9343467,6,77284946,6.912e-05,12.75,Typical AD,Control
rs10745820,12,98573580,6.915e-05,13.85,Typical AD,Control
rs7425274,2,161203395,6.925e-05,11.71,Typical AD,Control
rs8034546,15,38337341,6.926e-05,11.26,Typical AD,Control
rs262407,11,36029375,6.926e-05,12.01,Typical AD,Control
rs17083889,5,94009546,6.934e-05,11.74,Typical AD,Control
rs13405591,2,4662656,6.936e-05,12.96,Typical AD,Control
rs2654725,17,9614556,6.936e-05,13.2,Typical AD,Control
rs916522,2,12279879,6.941e-05,11.67,Typical AD,Control
rs7923837,10,94481917,6.942e-05,11.66,Typical AD,Control
rs7993387,13,34841852,6.946e-05,14.52,Typical AD,Control
rs6843121,4,112799771,6.947e-05,15.6,Typical AD,Control
rs3750510,9,141017352,6.949e-05,11.62,Typical AD,Control
rs16823950,1,17551943,6.952e-05,13.3,Typical AD,Control
rs4327389,3,133701960,6.956e-05,14.12,Typical AD,Control
rs13169861,5,3700168,6.958e-05,12.91,Typical AD,Control
rs12217601,10,109881982,6.96e-05,12.58,Typical AD,Control
rs1541815,5,36702290,6.961e-05,12.24,Typical AD,Control
rs1427818,10,80575996,6.962e-05,15.25,Typical AD,Control
rs6963959,7,141407716,6.969e-05,11.84,Typical AD,Control
rs6772958,3,32049091,6.972e-05,12.34,Typical AD,Control
rs9392082,6,5489201,6.974e-05,16.48,Typical AD,Control
rs10492182,12,5747294,6.977e-05,14.13,Typical AD,Control
rs6903535,6,28417222,6.977e-05,12.81,Typical AD,Control
rs6028791,20,38645083,6.979e-05,11.43,Typical AD,Control
rs933944,3,26022980,6.982e-05,12.64,Typical AD,Control
rs1732877,12,66599144,6.983e-05,13.5,Typical AD,Control
rs8093571,18,12603432,6.989e-05,11.98,Typical AD,Control
rs480491,3,118125046,6.998e-05,14.68,Typical AD,Control
rs10513963,18,67154409,6.998e-05,13.52,Typical AD,Control
rs11204153,8,20894128,7e-05,15.38,Typical AD,Control
rs1791534,18,33324054,7.002e-05,13.6,Typical AD,Control
rs4539125,1,117482765,7.008e-05,15.86,Typical AD,Control
rs6837873,4,142137165,7.031e-05,13.39,Typical AD,Control
rs281747,8,108639617,7.032e-05,13.35,Typical AD,Control
rs1835979,5,107263834,7.035e-05,16.31,Typical AD,Control
rs12592213,15,66825594,7.035e-05,20.04,Typical AD,Control
rs1545474,19,50344652,7.043e-05,20.64,Typical AD,Control
rs7652623,3,139817289,7.043e-05,15.42,Typical AD,Control
rs17337518,6,118608535,7.047e-05,13.12,Typical AD,Control
rs4689705,4,7325002,7.051e-05,12.42,Typical AD,Control
rs16946175,15,92511515,7.054e-05,12.17,Typical AD,Control
rs1016173,21,22743803,7.054e-05,11.51,Typical AD,Control
rs2590903,8,115455967,7.057e-05,19.52,Typical AD,Control
rs2237154,6,15400114,7.059e-05,14.96,Typical AD,Control
rs8092336,18,60036083,7.061e-05,12.17,Typical AD,Control
rs2952134,8,16989568,7.068e-05,14.13,Typical AD,Control
rs11774916,8,4246903,7.069e-05,12.24,Typical AD,Control
rs12712304,2,31267391,7.069e-05,13.02,Typical AD,Control
rs9397831,6,155994436,7.072e-05,15.32,Typical AD,Control
rs16876241,8,108420688,7.072e-05,12.01,Typical AD,Control
rs2702775,12,87119057,7.074e-05,16.34,Typical AD,Control
rs540093,1,189608672,7.076e-05,11.04,Typical AD,Control
rs12476246,2,220635070,7.077e-05,17.37,Typical AD,Control
rs4736618,8,134060459,7.078e-05,13.62,Typical AD,Control
rs12196541,6,24140690,7.08e-05,12.32,Typical AD,Control
rs1250105,4,1203265,7.081e-05,22.62,Typical AD,Control
rs7626087,3,2559451,7.082e-05,12.5,Typical AD,Control
rs1352307,11,47168254,7.083e-05,13.47,Typical AD,Control
rs10492184,12,5699048,7.083e-05,15.17,Typical AD,Control
rs9823492,3,142411287,7.088e-05,13.98,Typical AD,Control
rs13023828,2,117820944,7.1e-05,13.15,Typical AD,Control
rs6444590,3,191597705,7.1e-05,13.77,Typical AD,Control
rs886159,7,22580985,7.101e-05,14.21,Typical AD,Control
rs4696302,4,152813118,7.11e-05,11.43,Typical AD,Control
rs2528865,7,103157375,7.11e-05,12.41,Typical AD,Control
rs17116519,15,26272525,7.112e-05,12.82,Typical AD,Control
rs9597508,13,57697861,7.112e-05,12.81,Typical AD,Control
rs546567,6,100099703,7.113e-05,11.73,Typical AD,Control
rs7757610,6,80919632,7.117e-05,12.87,Typical AD,Control
rs3732209,2,128079806,7.117e-05,11.95,Typical AD,Control
rs2076302,6,7570963,7.123e-05,13.51,Typical AD,Control
rs1369184,4,30180666,7.124e-05,12.69,Typical AD,Control
rs2057588,13,72465952,7.124e-05,13.18,Typical AD,Control
rs1433195,8,108366127,7.127e-05,12.86,Typical AD,Control
rs538147,11,64129722,7.128e-05,12.71,Typical AD,Control
rs4400672,1,202675394,7.131e-05,13.68,Typical AD,Control
rs896193,7,138518056,7.132e-05,11.39,Typical AD,Control
rs1022630,6,107189647,7.133e-05,13.55,Typical AD,Control
rs2348038,7,7352663,7.134e-05,13.16,Typical AD,Control
rs1513981,15,102385044,7.136e-05,19.01,Typical AD,Control
rs6596283,5,135424352,7.14e-05,16.35,Typical AD,Control
rs2453451,8,87878846,7.147e-05,12.47,Typical AD,Control
rs12655322,5,168344280,7.148e-05,13.22,Typical AD,Control
rs1329269,20,2810098,7.148e-05,20.97,Typical AD,Control
rs2505160,10,37309400,7.153e-05,12.29,Typical AD,Control
rs9878659,3,1908074,7.154e-05,12.79,Typical AD,Control
rs1561406,19,8751106,7.154e-05,11.78,Typical AD,Control
rs2080167,2,59873126,7.156e-05,12.71,Typical AD,Control
rs7940014,11,19345331,7.156e-05,12.52,Typical AD,Control
rs7176637,15,73850754,7.156e-05,13.36,Typical AD,Control
rs17620999,3,2561556,7.157e-05,12.18,Typical AD,Control
rs2873943,3,147403067,7.16e-05,10.92,Typical AD,Control
rs2297866,9,129854199,7.16e-05,12.04,Typical AD,Control
rs10082968,12,3099291,7.167e-05,10.93,Typical AD,Control
rs439987,21,29623259,7.179e-05,15.87,Typical AD,Control
rs11634485,15,100807344,7.179e-05,12.75,Typical AD,Control
rs4922193,8,20288391,7.182e-05,12.99,Typical AD,Control
rs3763613,9,34584319,7.185e-05,15.86,Typical AD,Control
rs6663598,1,65557432,7.185e-05,14.34,Typical AD,Control
rs2841300,6,100779276,7.186e-05,11.65,Typical AD,Control
rs2435029,19,22062158,7.188e-05,12.56,Typical AD,Control
rs2270056,17,10295497,7.192e-05,11.69,Typical AD,Control
rs4791984,17,10320374,7.192e-05,11.69,Typical AD,Control
rs7210833,17,10381821,7.192e-05,11.69,Typical AD,Control
rs346589,13,43166284,7.192e-05,12.42,Typical AD,Control
rs17001868,22,40778231,7.197e-05,11.24,Typical AD,Control
rs11077373,17,76489576,7.203e-05,14.09,Typical AD,Control
rs741580,5,149201670,7.21e-05,11.63,Typical AD,Control
rs10903372,10,1171734,7.213e-05,12.54,Typical AD,Control
rs12892100,14,72478034,7.222e-05,16.21,Typical AD,Control
rs6806504,3,4070251,7.227e-05,12.9,Typical AD,Control
rs4798443,18,6452944,7.241e-05,12.21,Typical AD,Control
rs6853723,4,14812561,7.242e-05,33.7,Typical AD,Control
rs17807445,6,80804273,7.246e-05,12.11,Typical AD,Control
rs1437528,3,77950703,7.247e-05,15.48,Typical AD,Control
rs2248611,21,21199532,7.249e-05,15.91,Typical AD,Control
rs17802967,3,70973305,7.25e-05,12.98,Typical AD,Control
rs4292900,1,24469814,7.251e-05,13.55,Typical AD,Control
rs3759356,12,5150362,7.251e-05,10.31,Typical AD,Control
rs2327431,6,134211922,7.252e-05,10.97,Typical AD,Control
rs7358476,11,87192624,7.252e-05,15.49,Typical AD,Control
rs12960377,18,37638764,7.254e-05,13.08,Typical AD,Control
rs16972692,18,37654267,7.254e-05,13.08,Typical AD,Control
rs950574,4,122864241,7.258e-05,15.22,Typical AD,Control
rs11691981,2,128364684,7.26e-05,12.56,Typical AD,Control
rs7576317,2,71275700,7.26e-05,14.4,Typical AD,Control
rs9913935,17,28852288,7.268e-05,11.35,Typical AD,Control
rs6779517,3,48384388,7.269e-05,14.37,Typical AD,Control
rs10502895,18,46231438,7.269e-05,12.86,Typical AD,Control
rs4243579,14,52161021,7.27e-05,14.69,Typical AD,Control
rs2358398,10,19751780,7.274e-05,11.95,Typical AD,Control
rs3957512,9,96612770,7.279e-05,11.23,Typical AD,Control
rs10075636,5,2479446,7.279e-05,11.71,Typical AD,Control
rs6452095,5,22741835,7.281e-05,11.84,Typical AD,Control
rs13282907,8,26979015,7.286e-05,13.76,Typical AD,Control
rs10737826,1,238534934,7.287e-05,13.09,Typical AD,Control
rs6108495,20,10327333,7.288e-05,12.61,Typical AD,Control
rs2330173,7,52750565,7.291e-05,11.99,Typical AD,Control
rs11651241,17,28589478,7.296e-05,11.6,Typical AD,Control
rs892874,2,137901254,7.302e-05,12.78,Typical AD,Control
rs12464563,2,46205320,7.305e-05,13.0,Typical AD,Control
rs11073678,15,87405143,7.305e-05,12.91,Typical AD,Control
rs3784139,14,69414322,7.307e-05,11.33,Typical AD,Control
rs2380734,4,37527529,7.308e-05,11.74,Typical AD,Control
rs4832912,4,37519030,7.308e-05,11.74,Typical AD,Control
rs2437323,4,40778162,7.308e-05,12.47,Typical AD,Control
rs13129840,4,142129314,7.313e-05,13.29,Typical AD,Control
rs2636131,6,66423317,7.316e-05,14.6,Typical AD,Control
rs2636133,6,66424507,7.316e-05,14.6,Typical AD,Control
rs10503603,8,17563062,7.316e-05,12.38,Typical AD,Control
rs12678396,8,17569104,7.316e-05,12.38,Typical AD,Control
rs362089,22,20950473,7.319e-05,16.12,Typical AD,Control
rs180791,5,106923569,7.321e-05,15.09,Typical AD,Control
rs518116,9,129715736,7.327e-05,17.72,Typical AD,Control
rs1555649,1,193477045,7.33e-05,10.59,Typical AD,Control
rs16869615,4,20454884,7.33e-05,19.19,Typical AD,Control
rs10503027,18,57070378,7.33e-05,11.62,Typical AD,Control
rs7646392,3,133699575,7.333e-05,14.24,Typical AD,Control
rs207305,4,19092157,7.335e-05,13.25,Typical AD,Control
rs7242,7,100781445,7.336e-05,12.65,Typical AD,Control
rs2227684,7,100776931,7.336e-05,12.65,Typical AD,Control
rs10485529,20,15526582,7.336e-05,12.99,Typical AD,Control
rs16959796,16,12612690,7.338e-05,16.31,Typical AD,Control
rs1994089,17,33516594,7.338e-05,12.71,Typical AD,Control
rs2714240,2,14877094,7.34e-05,12.81,Typical AD,Control
rs6771063,3,186184328,7.346e-05,13.7,Typical AD,Control
rs1041576,9,114185794,7.348e-05,12.3,Typical AD,Control
rs1545130,18,48220529,7.351e-05,12.98,Typical AD,Control
rs1000433,7,135543143,7.351e-05,13.12,Typical AD,Control
rs10499738,7,54497328,7.352e-05,13.08,Typical AD,Control
rs1552660,4,19381302,7.353e-05,14.59,Typical AD,Control
rs10420320,19,4889524,7.353e-05,13.32,Typical AD,Control
rs11869777,17,71723133,7.355e-05,15.25,Typical AD,Control
rs7618046,3,12488027,7.358e-05,12.8,Typical AD,Control
rs10850760,12,117544413,7.359e-05,13.09,Typical AD,Control
rs2171902,6,66370779,7.362e-05,15.22,Typical AD,Control
rs17179274,14,38048891,7.362e-05,10.92,Typical AD,Control
rs12218587,10,68397199,7.364e-05,12.4,Typical AD,Control
rs283826,2,79233079,7.371e-05,14.09,Typical AD,Control
rs1401910,4,57172978,7.373e-05,15.0,Typical AD,Control
rs4312897,5,173999598,7.373e-05,11.74,Typical AD,Control
rs3098183,15,50806469,7.374e-05,11.29,Typical AD,Control
rs11232450,11,80792660,7.376e-05,19.56,Typical AD,Control
rs11048657,12,26846603,7.377e-05,12.57,Typical AD,Control
rs2077911,14,94983224,7.382e-05,13.82,Typical AD,Control
rs7939644,11,27060940,7.384e-05,18.06,Typical AD,Control
rs6426897,1,165102499,7.385e-05,12.5,Typical AD,Control
rs1982628,8,4482561,7.388e-05,13.62,Typical AD,Control
rs17477053,1,167532944,7.39e-05,12.44,Typical AD,Control
rs4351304,6,2814466,7.391e-05,13.95,Typical AD,Control
rs2647259,4,106256521,7.395e-05,14.9,Typical AD,Control
rs10821160,9,96326127,7.396e-05,10.77,Typical AD,Control
rs4693923,4,88888113,7.396e-05,11.72,Typical AD,Control
rs735664,7,27909037,7.397e-05,13.09,Typical AD,Control
rs1365358,7,135905859,7.397e-05,13.78,Typical AD,Control
rs2295102,22,25209753,7.4e-05,14.56,Typical AD,Control
rs7954465,12,73816593,7.41e-05,18.76,Typical AD,Control
rs242389,14,56592107,7.411e-05,11.83,Typical AD,Control
rs10267836,7,30755583,7.414e-05,11.68,Typical AD,Control
rs7129480,11,12377766,7.415e-05,14.22,Typical AD,Control
rs2597356,8,133405459,7.415e-05,18.63,Typical AD,Control
rs11696024,2,19812104,7.418e-05,13.16,Typical AD,Control
rs11756526,6,7781784,7.419e-05,12.54,Typical AD,Control
rs9366483,6,22911301,7.424e-05,11.34,Typical AD,Control
rs12700456,7,23720488,7.43e-05,11.26,Typical AD,Control
rs7080157,10,6512559,7.432e-05,12.73,Typical AD,Control
rs261827,1,241070371,7.436e-05,11.65,Typical AD,Control
rs3783686,14,57958899,7.436e-05,14.35,Typical AD,Control
rs1443422,17,2920124,7.437e-05,12.02,Typical AD,Control
rs6924733,6,15385281,7.441e-05,12.61,Typical AD,Control
rs765244,13,22451371,7.441e-05,12.81,Typical AD,Control
rs4130201,8,5026520,7.443e-05,14.82,Typical AD,Control
rs4519903,5,103484564,7.444e-05,14.55,Typical AD,Control
rs7595381,2,128476484,7.445e-05,13.98,Typical AD,Control
rs10520376,4,178203463,7.446e-05,11.18,Typical AD,Control
rs10974892,9,4964774,7.447e-05,14.21,Typical AD,Control
rs524770,1,66766222,7.449e-05,12.49,Typical AD,Control
rs5993954,22,20282886,7.45e-05,11.91,Typical AD,Control
rs10953740,7,113460282,7.451e-05,13.22,Typical AD,Control
rs988213,18,44124967,7.452e-05,12.06,Typical AD,Control
rs1800378,12,6172202,7.457e-05,12.58,Typical AD,Control
rs12663112,6,100236473,7.459e-05,11.59,Typical AD,Control
rs11079155,17,53291507,7.46e-05,12.44,Typical AD,Control
rs1490742,9,117034749,7.461e-05,13.3,Typical AD,Control
rs1268663,14,65266081,7.461e-05,15.1,Typical AD,Control
rs8019291,14,92931164,7.464e-05,12.93,Typical AD,Control
rs2684811,15,99453563,7.464e-05,12.94,Typical AD,Control
rs6584877,10,110316077,7.466e-05,12.86,Typical AD,Control
rs9541963,13,70091195,7.468e-05,11.89,Typical AD,Control
rs2716878,17,5591389,7.471e-05,12.15,Typical AD,Control
rs10265116,7,129655876,7.472e-05,13.64,Typical AD,Control
rs4769414,13,25788586,7.474e-05,13.63,Typical AD,Control
rs268066,2,59880310,7.476e-05,12.16,Typical AD,Control
rs6471696,8,59183432,7.477e-05,11.93,Typical AD,Control
rs10780576,9,85808730,7.479e-05,15.73,Typical AD,Control
rs6702102,1,233148271,7.479e-05,13.98,Typical AD,Control
rs12702162,7,45691128,7.48e-05,14.01,Typical AD,Control
rs6935846,6,32984011,7.486e-05,16.95,Typical AD,Control
rs1921880,4,84957198,7.487e-05,12.05,Typical AD,Control
rs561703,1,57663346,7.489e-05,19.87,Typical AD,Control
rs11732479,4,30174983,7.49e-05,12.86,Typical AD,Control
rs2571468,4,30215673,7.492e-05,21.93,Typical AD,Control
rs17345545,1,4965152,7.492e-05,12.66,Typical AD,Control
rs928293,21,41412642,7.493e-05,12.58,Typical AD,Control
rs6018919,20,46735710,7.495e-05,12.42,Typical AD,Control
rs814941,1,190466822,7.495e-05,10.94,Typical AD,Control
rs7034893,9,5494438,7.498e-05,22.4,Typical AD,Control
rs2441109,5,66139238,7.499e-05,12.62,Typical AD,Control
rs4596491,6,100236866,7.503e-05,11.92,Typical AD,Control
rs17604868,16,11215027,7.505e-05,14.54,Typical AD,Control
rs10416033,19,2569946,7.506e-05,11.63,Typical AD,Control
rs10492459,13,30457294,7.509e-05,11.33,Typical AD,Control
rs4449296,3,77394540,7.51e-05,14.57,Typical AD,Control
rs9792613,9,14832349,7.512e-05,12.65,Typical AD,Control
rs11051199,12,31150183,7.512e-05,12.5,Typical AD,Control
rs5752592,22,27967652,7.514e-05,21.13,Typical AD,Control
rs7478212,10,55559110,7.514e-05,10.92,Typical AD,Control
rs7120886,11,1238828,7.515e-05,11.31,Typical AD,Control
rs9819655,3,9888026,7.521e-05,12.33,Typical AD,Control
rs302412,5,151332812,7.524e-05,15.45,Typical AD,Control
rs2567133,12,70948070,7.524e-05,12.0,Typical AD,Control
rs7070678,10,29812602,7.525e-05,14.06,Typical AD,Control
rs7910521,10,29803661,7.525e-05,14.06,Typical AD,Control
rs10922329,1,189568547,7.526e-05,10.3,Typical AD,Control
rs16919100,8,69578637,7.527e-05,12.76,Typical AD,Control
rs7700964,5,147363251,7.527e-05,10.87,Typical AD,Control
rs2322209,3,3515438,7.527e-05,17.03,Typical AD,Control
rs13155727,5,83495204,7.528e-05,12.0,Typical AD,Control
rs7776508,7,64105197,7.53e-05,11.63,Typical AD,Control
rs7576755,2,148310480,7.53e-05,12.16,Typical AD,Control
rs6683351,1,97645313,7.53e-05,12.51,Typical AD,Control
rs6593632,1,97615098,7.53e-05,12.51,Typical AD,Control
rs705471,10,3667726,7.532e-05,12.53,Typical AD,Control
rs25846,5,149230730,7.533e-05,10.84,Typical AD,Control
rs732989,11,13978737,7.533e-05,12.11,Typical AD,Control
rs7035491,9,1784090,7.533e-05,14.08,Typical AD,Control
rs7228325,18,2504945,7.534e-05,11.66,Typical AD,Control
rs2675317,3,2844404,7.534e-05,11.1,Typical AD,Control
rs8047267,16,73485105,7.534e-05,13.42,Typical AD,Control
rs10227982,7,9128802,7.536e-05,12.32,Typical AD,Control
rs8090667,18,12974073,7.536e-05,15.29,Typical AD,Control
rs3976787,18,12971894,7.536e-05,15.29,Typical AD,Control
rs6029143,20,39118662,7.537e-05,12.29,Typical AD,Control
rs1037684,5,110474161,7.539e-05,12.43,Typical AD,Control
rs7666964,4,40836953,7.54e-05,11.69,Typical AD,Control
rs912881,6,41415737,7.544e-05,18.44,Typical AD,Control
rs4790427,17,3006485,7.546e-05,11.79,Typical AD,Control
rs13091627,3,3343318,7.546e-05,11.46,Typical AD,Control
rs729855,8,140874687,7.547e-05,13.51,Typical AD,Control
rs1337668,13,45367123,7.548e-05,11.99,Typical AD,Control
rs2229032,3,142178144,7.549e-05,12.23,Typical AD,Control
rs12933790,16,83269219,7.55e-05,12.45,Typical AD,Control
rs12758854,1,97711561,7.551e-05,11.83,Typical AD,Control
rs741101,14,90921369,7.553e-05,11.04,Typical AD,Control
rs6952967,7,31795856,7.553e-05,13.1,Typical AD,Control
rs2142832,22,44940363,7.554e-05,11.82,Typical AD,Control
rs742554,6,1589002,7.557e-05,13.95,Typical AD,Control
rs2822737,21,15898791,7.557e-05,16.0,Typical AD,Control
rs2825782,21,21128313,7.557e-05,11.84,Typical AD,Control
rs6663210,1,247313462,7.558e-05,11.25,Typical AD,Control
rs3767880,1,26069415,7.559e-05,16.56,Typical AD,Control
rs10153070,16,26608849,7.56e-05,15.91,Typical AD,Control
rs6860112,5,4136154,7.56e-05,12.48,Typical AD,Control
rs10490211,2,65110275,7.561e-05,14.89,Typical AD,Control
rs11974150,7,30761210,7.561e-05,11.26,Typical AD,Control
rs6840028,4,142197917,7.565e-05,13.37,Typical AD,Control
rs12942448,17,12845987,7.566e-05,14.59,Typical AD,Control
rs7245323,18,38965524,7.568e-05,11.1,Typical AD,Control
rs843451,2,240330994,7.569e-05,15.86,Typical AD,Control
rs217797,5,37318295,7.569e-05,15.15,Typical AD,Control
rs1382600,1,34574691,7.569e-05,13.07,Typical AD,Control
rs6074113,20,10242011,7.574e-05,14.89,Typical AD,Control
rs7846270,8,125570800,7.575e-05,13.52,Typical AD,Control
rs4354016,5,71135107,7.575e-05,12.32,Typical AD,Control
rs965143,7,47837117,7.575e-05,10.9,Typical AD,Control
rs9939851,16,87562316,7.576e-05,13.37,Typical AD,Control
rs9681213,3,66894,7.576e-05,12.12,Typical AD,Control
rs7048915,9,4206388,7.579e-05,11.01,Typical AD,Control
rs911289,14,94355805,7.579e-05,16.79,Typical AD,Control
rs1221136,9,122030076,7.579e-05,11.47,Typical AD,Control
rs6128998,20,59577569,7.579e-05,15.26,Typical AD,Control
rs10090183,8,117380851,7.583e-05,12.38,Typical AD,Control
rs13439023,8,117385888,7.583e-05,12.38,Typical AD,Control
rs9400534,6,112661761,7.583e-05,14.93,Typical AD,Control
rs2505924,10,29882153,7.584e-05,14.04,Typical AD,Control
rs1882079,7,37391266,7.586e-05,12.43,Typical AD,Control
rs1455731,4,61194055,7.588e-05,12.78,Typical AD,Control
rs7699538,4,114741276,7.589e-05,12.92,Typical AD,Control
rs6963748,7,18666217,7.589e-05,16.33,Typical AD,Control
rs13016092,2,150727326,7.591e-05,13.34,Typical AD,Control
rs6127973,20,55806280,7.591e-05,12.08,Typical AD,Control
rs10490862,3,132160713,7.594e-05,10.94,Typical AD,Control
rs843840,2,49650145,7.595e-05,14.47,Typical AD,Control
rs2272550,14,22591988,7.595e-05,11.3,Typical AD,Control
rs12212272,6,74673166,7.597e-05,12.24,Typical AD,Control
rs6845326,4,186313557,7.605e-05,15.64,Typical AD,Control
rs1157595,2,182749568,7.607e-05,10.92,Typical AD,Control
rs10897526,11,64559898,7.607e-05,13.08,Typical AD,Control
rs9508701,13,30887663,7.611e-05,12.46,Typical AD,Control
rs12475137,2,126766945,7.611e-05,11.86,Typical AD,Control
rs10458404,1,189188538,7.611e-05,12.81,Typical AD,Control
rs3903687,11,35331642,7.612e-05,15.74,Typical AD,Control
rs10097518,8,23615779,7.612e-05,13.74,Typical AD,Control
rs6912537,6,2828026,7.613e-05,12.91,Typical AD,Control
rs12476572,2,228014767,7.616e-05,15.5,Typical AD,Control
rs450798,12,50304949,7.623e-05,11.25,Typical AD,Control
rs613582,18,70250672,7.623e-05,12.36,Typical AD,Control
rs16977599,18,20782046,7.625e-05,13.92,Typical AD,Control
rs4083173,2,74401657,7.625e-05,14.66,Typical AD,Control
rs1561070,2,115418679,7.627e-05,11.43,Typical AD,Control
rs10511514,9,8937478,7.628e-05,15.12,Typical AD,Control
rs2825824,21,21196803,7.628e-05,12.33,Typical AD,Control
rs6445902,3,57494138,7.629e-05,14.25,Typical AD,Control
rs7776707,7,104605530,7.63e-05,12.63,Typical AD,Control
rs815952,7,55561884,7.63e-05,11.62,Typical AD,Control
rs28642833,7,55597235,7.63e-05,11.62,Typical AD,Control
rs11691877,2,78654537,7.635e-05,13.79,Typical AD,Control
rs2570407,7,141654892,7.635e-05,11.99,Typical AD,Control
rs12204830,6,141848595,7.637e-05,12.39,Typical AD,Control
rs7738638,6,134391373,7.638e-05,12.04,Typical AD,Control
rs1250552,10,81058027,7.641e-05,11.86,Typical AD,Control
rs7746902,6,40926958,7.642e-05,11.22,Typical AD,Control
rs962130,19,52014006,7.643e-05,12.25,Typical AD,Control
rs13394087,2,205260409,7.645e-05,11.38,Typical AD,Control
rs2705215,8,17000463,7.645e-05,12.41,Typical AD,Control
rs9979231,21,22477273,7.647e-05,11.17,Typical AD,Control
rs7959490,12,107943616,7.648e-05,12.7,Typical AD,Control
rs4078179,15,92456897,7.65e-05,11.73,Typical AD,Control
rs709276,2,2832206,7.651e-05,13.01,Typical AD,Control
rs2286593,17,74681435,7.655e-05,14.01,Typical AD,Control
rs4851821,2,106260780,7.657e-05,10.57,Typical AD,Control
rs1369976,4,96807307,7.659e-05,10.97,Typical AD,Control
rs511290,6,145590770,7.659e-05,15.73,Typical AD,Control
rs10741125,10,27288925,7.665e-05,12.6,Typical AD,Control
rs12897979,14,100056208,7.669e-05,11.76,Typical AD,Control
rs1502665,3,131325437,7.669e-05,10.77,Typical AD,Control
rs7202483,16,51324234,7.67e-05,12.29,Typical AD,Control
rs1555926,20,52184944,7.67e-05,11.28,Typical AD,Control
rs9749171,19,10135711,7.671e-05,16.35,Typical AD,Control
rs160359,7,28668995,7.673e-05,12.24,Typical AD,Control
rs4799305,18,28689144,7.673e-05,11.58,Typical AD,Control
rs2391734,1,96604591,7.673e-05,11.04,Typical AD,Control
rs1321507,6,51826281,7.674e-05,11.94,Typical AD,Control
rs11158252,14,59725906,7.675e-05,11.89,Typical AD,Control
rs10519034,2,65706325,7.679e-05,12.33,Typical AD,Control
rs1348473,5,119507243,7.681e-05,15.15,Typical AD,Control
rs3783036,13,20436506,7.683e-05,13.83,Typical AD,Control
rs10874763,1,93646418,7.685e-05,12.7,Typical AD,Control
rs2837205,21,41146524,7.685e-05,13.14,Typical AD,Control
rs13185799,5,4362756,7.687e-05,13.54,Typical AD,Control
rs1324317,10,10594364,7.688e-05,11.42,Typical AD,Control
rs9386745,6,97145600,7.691e-05,12.7,Typical AD,Control
rs11742226,5,168187671,7.692e-05,11.21,Typical AD,Control
rs7597134,2,162621531,7.692e-05,14.89,Typical AD,Control
rs2837472,21,41534512,7.693e-05,16.89,Typical AD,Control
rs28958,17,31324657,7.693e-05,12.79,Typical AD,Control
rs7014506,8,20900090,7.694e-05,13.86,Typical AD,Control
rs1171023,1,190418653,7.698e-05,10.67,Typical AD,Control
rs548411,16,1121226,7.7e-05,11.59,Typical AD,Control
rs16925492,9,109201514,7.7e-05,10.47,Typical AD,Control
rs6676300,1,11925300,7.704e-05,13.49,Typical AD,Control
rs1992293,10,80591365,7.704e-05,12.73,Typical AD,Control
rs927185,6,51826782,7.705e-05,11.51,Typical AD,Control
rs768055,7,141413051,7.705e-05,12.47,Typical AD,Control
rs7655087,4,182777782,7.709e-05,13.13,Typical AD,Control
rs6808429,3,131290291,7.715e-05,10.41,Typical AD,Control
rs3750779,10,71712502,7.718e-05,11.25,Typical AD,Control
rs11049933,12,29094977,7.719e-05,13.26,Typical AD,Control
rs1905752,3,10833964,7.729e-05,11.85,Typical AD,Control
rs11595532,10,80563519,7.73e-05,12.83,Typical AD,Control
rs11002681,10,80560968,7.73e-05,12.83,Typical AD,Control
rs9456701,6,162119957,7.733e-05,10.99,Typical AD,Control
rs4963755,12,24512551,7.735e-05,18.06,Typical AD,Control
rs8036797,15,87435639,7.738e-05,13.16,Typical AD,Control
rs2366254,7,141224952,7.739e-05,12.63,Typical AD,Control
rs6456785,6,27390399,7.74e-05,11.84,Typical AD,Control
rs6926142,6,27395764,7.74e-05,11.84,Typical AD,Control
rs3120029,9,129649356,7.743e-05,17.72,Typical AD,Control
rs2061062,4,12267885,7.746e-05,11.59,Typical AD,Control
rs7504165,18,4777539,7.746e-05,11.7,Typical AD,Control
rs10489565,1,54826187,7.747e-05,12.19,Typical AD,Control
rs6880868,5,99986153,7.748e-05,13.51,Typical AD,Control
rs814923,1,190485500,7.75e-05,11.03,Typical AD,Control
rs1602235,6,66366331,7.754e-05,15.36,Typical AD,Control
rs11650866,17,70161079,7.755e-05,11.23,Typical AD,Control
rs13054354,22,29840180,7.755e-05,12.83,Typical AD,Control
rs11600358,11,130861244,7.756e-05,12.48,Typical AD,Control
rs10930437,2,171581341,7.757e-05,10.83,Typical AD,Control
rs7763896,6,132279804,7.758e-05,12.58,Typical AD,Control
rs13435101,4,155449832,7.76e-05,12.87,Typical AD,Control
rs7689945,4,155449629,7.76e-05,12.87,Typical AD,Control
rs6492611,13,93142706,7.76e-05,13.08,Typical AD,Control
rs2247583,8,14604752,7.763e-05,13.56,Typical AD,Control
rs3775229,4,87978626,7.765e-05,12.69,Typical AD,Control
rs12625309,20,40513571,7.766e-05,11.84,Typical AD,Control
rs394119,12,50305007,7.77e-05,11.36,Typical AD,Control
rs11786916,8,4232568,7.77e-05,14.42,Typical AD,Control
rs2117915,12,96185742,7.772e-05,12.24,Typical AD,Control
rs10028122,4,53578009,7.773e-05,11.87,Typical AD,Control
rs10877011,12,58124992,7.774e-05,11.43,Typical AD,Control
rs4347199,1,118526592,7.776e-05,10.83,Typical AD,Control
rs9925796,16,78769788,7.777e-05,13.81,Typical AD,Control
rs13274503,8,68687678,7.777e-05,15.53,Typical AD,Control
rs781994,6,71358164,7.778e-05,13.31,Typical AD,Control
rs8006610,14,48466437,7.78e-05,15.03,Typical AD,Control
rs6050455,20,2574223,7.782e-05,12.77,Typical AD,Control
rs2238516,16,24339706,7.783e-05,12.09,Typical AD,Control
rs4369533,13,66358010,7.785e-05,11.1,Typical AD,Control
rs689797,15,43826557,7.788e-05,12.18,Typical AD,Control
rs852636,5,11045100,7.789e-05,12.34,Typical AD,Control
rs582180,18,6011808,7.792e-05,12.26,Typical AD,Control
rs827782,5,169833843,7.795e-05,12.43,Typical AD,Control
rs9941282,16,86744805,7.795e-05,11.37,Typical AD,Control
rs308656,13,62702893,7.797e-05,12.28,Typical AD,Control
rs7914382,10,27265641,7.797e-05,12.38,Typical AD,Control
rs12427459,13,36437371,7.801e-05,14.19,Typical AD,Control
rs1365347,12,107901182,7.803e-05,13.38,Typical AD,Control
rs7837006,8,41447470,7.804e-05,12.99,Typical AD,Control
rs1880742,2,235522554,7.805e-05,15.15,Typical AD,Control
rs7010155,8,107557220,7.806e-05,11.42,Typical AD,Control
rs9317266,13,63388754,7.807e-05,12.13,Typical AD,Control
rs10924270,1,245804664,7.808e-05,19.78,Typical AD,Control
rs6800364,3,374869,7.809e-05,12.23,Typical AD,Control
rs2354223,6,107182045,7.809e-05,13.49,Typical AD,Control
rs12156316,8,41706484,7.812e-05,13.58,Typical AD,Control
rs797126,6,5362054,7.815e-05,13.58,Typical AD,Control
rs3872649,3,270521,7.816e-05,14.0,Typical AD,Control
rs9381616,6,47772079,7.818e-05,12.2,Typical AD,Control
rs12516085,5,94822053,7.819e-05,13.37,Typical AD,Control
rs2182832,1,55480211,7.819e-05,12.1,Typical AD,Control
rs3751050,11,9091244,7.82e-05,12.82,Typical AD,Control
rs11703546,22,32741123,7.82e-05,12.04,Typical AD,Control
rs17721873,7,104913239,7.82e-05,12.47,Typical AD,Control
rs2728125,4,89001893,7.821e-05,12.19,Typical AD,Control
rs8050422,16,7442794,7.822e-05,11.33,Typical AD,Control
rs2008644,10,52020424,7.824e-05,12.8,Typical AD,Control
